{
  "obs": "MeerKAT",
  "cofa": {
      "rf": "WGS84",
      "units": ["deg", "deg", "m"],
      "coords": [21.44389, -30.713199999999997, 1050.0]
      },
  "antenna": {
      "rf": "WGS84",
      "units": ["deg", "deg", "m"],
      "coords": {
        "m000": [21.443802630882892, -30.712924992669468, 1095.199887056835],
        "m001": [21.44390058440895, -30.712604584822248, 1095.0728219486773],
        "m002": [21.44355369918749, -30.71307781909595, 1095.248537982814],
        "m003": [21.44319458738302, -30.712879772365405, 1094.8885665973648],
        "m004": [21.442598520403315, -30.71333673317845, 1095.1192322364077],
        "m005": [21.442823306960587, -30.713608858108362, 1095.4821245828643],
        "m006": [21.44369859053625, -30.71371986141612, 1095.7948948610574],
        "m007": [21.44295372838829, -30.714687574559697, 1096.3818933209404],
        "m008": [21.44291264298031, -30.715880661422588, 1097.0677133640274],
        "m009": [21.44422662473364, -30.714401904123566, 1096.7509177001193],
        "m010": [21.444808432850078, -30.715671847995633, 1097.8067283965647],
        "m011": [21.44476579599481, -30.71423075382261, 1096.7613083934411],
        "m012": [21.44535040112554, -30.71437674820768, 1097.0607087677345],
        "m013": [21.446360513805498, -30.714603934507917, 1097.7405746504664],
        "m014": [21.446818477185854, -30.713632926077107, 1097.1590970037505],
        "m015": [21.44608754632581, -30.71303185602204, 1096.3452541586012],
        "m016": [21.446896629272192, -30.71273180915273, 1096.4042216148227],
        "m017": [21.445972501164785, -30.712067978530225, 1095.5586125170812],
        "m018": [21.444992445092886, -30.713272915406634, 1096.1346329767257],
        "m019": [21.445671537285293, -30.7136278155807, 1096.6791866663843],
        "m020": [21.444901531305423, -30.713757825028097, 1096.4843030711636],
        "m021": [21.44079962452884, -30.71400672954583, 1094.7322875102982],
        "m022": [21.439995646113754, -30.711050591140204, 1092.2598954299465],
        "m023": [21.440524741725525, -30.712337798004974, 1093.434226079844],
        "m024": [21.440224864711393, -30.709701939686216, 1091.4564233431593],
        "m025": [21.441989519001222, -30.709020821411258, 1091.674599451944],
        "m026": [21.442855531114837, -30.710901831678306, 1093.4117904473094],
        "m027": [21.444311346576786, -30.711263989635192, 1094.29417033121],
        "m028": [21.443354698446456, -30.711841694038704, 1094.2363031320274],
        "m029": [21.442962420856283, -30.712174842902808, 1094.3013292513788],
        "m030": [21.445676627984444, -30.710027897993328, 1093.88131929189],
        "m031": [21.446462429872955, -30.710209994730338, 1094.0739527111873],
        "m032": [21.448703410808886, -30.709472680265023, 1093.9860866898673],
        "m033": [21.449949292298943, -30.703263824708394, 1090.2846498079598],
        "m034": [21.44762358206967, -30.71131079650412, 1095.5820890776813],
        "m035": [21.44791945651162, -30.712686873881285, 1096.9037524815649],
        "m036": [21.447941463900925, -30.713677690451323, 1097.4304582588375],
        "m037": [21.447858324956353, -30.715197748410173, 1098.7994281584397],
        "m038": [21.44611542959898, -30.71618775923522, 1098.575050613843],
        "m039": [21.446537548608337, -30.716395775015343, 1099.0736377397552],
        "m040": [21.44360853734137, -30.71747867022173, 1098.472477982752],
        "m041": [21.440887424506727, -30.71702283608011, 1096.5894315605983],
        "m042": [21.440113305611536, -30.715206860721704, 1095.1239220825955],
        "m043": [21.43731465731964, -30.712212693038644, 1091.896363065578],
        "m044": [21.4345355948833, -30.70563965248931, 1086.0517716659233],
        "m045": [21.424758681049404, -30.708648467411855, 1086.976175967604],
        "m046": [21.428575826297784, -30.695254940435056, 1079.9326633363962],
        "m047": [21.437852579237866, -30.71572063415265, 1094.2617491995913],
        "m048": [21.414611836626182, -30.68682076518824, 1078.0301042031497],
        "m049": [21.406252849228817, -30.70711387969202, 1090.3292639963329],
        "m050": [21.42246573110226, -30.71866279624639, 1092.3233756227419],
        "m051": [21.43501362907931, -30.717993685998408, 1094.3166976813227],
        "m052": [21.43769672710402, -30.72141447307427, 1097.2813938083127],
        "m053": [21.443986643577464, -30.722819776421378, 1101.765925841406],
        "m054": [21.452990680177937, -30.715562768113102, 1100.0427039163187],
        "m055": [21.456432469323666, -30.710184740176295, 1096.7363351201639],
        "m056": [21.46057165733915, -30.706845857407657, 1093.807215235196],
        "m057": [21.44696334770092, -30.681655944421944, 1076.8066606549544],
        "m058": [21.473167071469252, -30.6868206979953, 1084.1251560747623],
        "m059": [21.482363599575606, -30.70420578854018, 1099.5310500143096],
        "m060": [21.47958819736961, -30.727648869909792, 1111.4788699327037],
        "m061": [21.44371758680367, -30.732012396108825, 1108.3290008436888],
        "m062": [21.42884867843196, -30.733634783909203, 1108.9383925069126],
        "m063": [21.408190562558524, -30.727648907325126, 1104.1648193774745]
        }
      }
}